"main_category","correlation"
accessories,-0.12655151149632365
men's shoes,-0.11704430408418864
women's shoes,-0.10390144524449449
men's clothing,-0.08939120597508804
women's clothing,-0.06794146056596616
