"main_category","correlation"
men's shoes,0.05514652529988775
women's shoes,0.0506443646151724
women's clothing,0.03561441961941755
accessories,0.034490348916272166
men's clothing,0.02679255106706239
