"main_category","correlation"
men's shoes,0.1772197559597057
women's shoes,0.14366582084197743
accessories,0.06473963042901465
women's clothing,0.009252647687641414
men's clothing,-0.015060608397154994
